id,title,description,link,image_link,availability,price,brand,condition,google_product_category,product_type,identifier_exists,shipping,tax,material,size,custom_label_0,custom_label_1
candle-60-amethyst-lavender,Candle «Amethyst · Lavender» 60g,"Meditative candle with amethyst crystal. Calms the mind, opens intuition. Handmade by SoulInPsyAbstract. UV aesthetic. Ritual quality.",https://soulinpsyabstract.store/store.html#candle-60-amethyst-lavender,https://soulinpsyabstract.store/assets/img/products/candle_photo_01.jpg,in stock,60.00 ILS,Soul In PsyAbstract,new,Home & Garden > Decor > Candles & Candleholders > Candles,Candles,no,IL:::0.00 ILS,IL:*:17:y,"Natural wax, essential oils",,handmade,il-only
candle-60-quartz-rose,Candle «Rose Quartz · Rose» 60g,Love candle with rose quartz. Attracts tenderness and self-acceptance. Handmade by SoulInPsyAbstract. UV aesthetic. Ritual quality.,https://soulinpsyabstract.store/store.html#candle-60-quartz-rose,https://soulinpsyabstract.store/assets/img/products/candle_photo_02.jpg,in stock,60.00 ILS,Soul In PsyAbstract,new,Home & Garden > Decor > Candles & Candleholders > Candles,Candles,no,IL:::0.00 ILS,IL:*:17:y,"Natural wax, essential oils",,handmade,il-only
candle-150-vanilla-amber,Candle «Vanilla · Amber» 150g,Warm honey candle for comfort and warmth. Handmade by SoulInPsyAbstract. UV aesthetic. Ritual quality.,https://soulinpsyabstract.store/store.html#candle-150-vanilla-amber,https://soulinpsyabstract.store/assets/img/products/candle_photo_08.jpg,in stock,120.00 ILS,Soul In PsyAbstract,new,Home & Garden > Decor > Candles & Candleholders > Candles,Candles,no,IL:::0.00 ILS,IL:*:17:y,"Natural wax, essential oils",,handmade,il-only
candle-250-eucalyptus,Candle «Eucalyptus · Mint» 250g,Cleansing candle for clarity and fresh space. Handmade by SoulInPsyAbstract. UV aesthetic. Ritual quality.,https://soulinpsyabstract.store/store.html#candle-250-eucalyptus,https://soulinpsyabstract.store/assets/img/products/candle_photo_05.jpg,in stock,200.00 ILS,Soul In PsyAbstract,new,Home & Garden > Decor > Candles & Candleholders > Candles,Candles,no,IL:::0.00 ILS,IL:*:17:y,"Natural wax, essential oils",,handmade,il-only
candle-400-ritual,Candle «Ritual · Red» 400g,Large ritual candle. An artifact for meditation and transformation. Handmade by SoulInPsyAbstract. UV aesthetic. Ritual quality.,https://soulinpsyabstract.store/store.html#candle-400-ritual,https://soulinpsyabstract.store/assets/img/products/candle_photo_12.jpg,in stock,300.00 ILS,Soul In PsyAbstract,new,Home & Garden > Decor > Candles & Candleholders > Candles,Candles,no,IL:::0.00 ILS,IL:*:17:y,"Natural wax, essential oils",,handmade,il-only
soap-coal,Soap «Charcoal · Detox»,Detox soap with activated charcoal. Cleanses and mattifies. Handmade by SoulInPsyAbstract. UV aesthetic. Ritual quality.,https://soulinpsyabstract.store/store.html#soap-coal,https://soulinpsyabstract.store/assets/img/products/candle_photo_09.jpg,in stock,80.00 ILS,Soul In PsyAbstract,new,Health & Beauty > Personal Care > Cosmetics > Skin Care > Body Washes & Soaps,Soap,no,IL:::0.00 ILS,IL:*:17:y,"Natural wax, essential oils",,handmade,il-only
soap-milk-honey,Soap «Milk · Honey»,Gentle nourishing soap. Softens and moisturises skin. Handmade by SoulInPsyAbstract. UV aesthetic. Ritual quality.,https://soulinpsyabstract.store/store.html#soap-milk-honey,https://soulinpsyabstract.store/assets/img/products/candle_photo_10.jpg,in stock,80.00 ILS,Soul In PsyAbstract,new,Health & Beauty > Personal Care > Cosmetics > Skin Care > Body Washes & Soaps,Soap,no,IL:::0.00 ILS,IL:*:17:y,"Natural wax, essential oils",,handmade,il-only
set-candle-3,Set «Three Candles in Pouches» 180g,"Gift set — three candles in velvet pouches with UV-varnish tag. Ritual, beauty, scent. Handmade by SoulInPsyAbstract. UV aesthetic. Ritual quality.",https://soulinpsyabstract.store/store.html#set-candle-3,https://soulinpsyabstract.store/assets/img/products/candle_photo_03.jpg,in stock,370.00 ILS,Soul In PsyAbstract,new,Home & Garden > Decor > Candles & Candleholders,Sets,no,IL:::0.00 ILS,IL:*:17:y,"Natural wax, essential oils",,handmade,il-only
art_01,Spirals of Love and Chaos — Original UV Painting,"Original psychedelic abstract painting by Aelin AquaSoul · Soul In PsyAbstract. UV-reactive acrylic on canvas — two realities: daylight and UV glow. Approx. 40×50 cm. Unique signed work. Eilat, Israel.",https://soulinpsyabstract.store/store.html#art_01,https://soulinpsyabstract.store/assets/img/01.jpg,in stock,400.00 USD,Soul In PsyAbstract,new,Arts & Entertainment > Hobbies & Creative Arts > Artwork,Original Art > Painting > Acrylic UV,no,"IL:::0 USD,US:::25.00 USD",US:*:0:y,Canvas · Acrylic · UV paint,40x50cm,original-painting,price-400usd
art_02,Love in Spirals — Original UV Painting,"Original psychedelic abstract painting by Aelin AquaSoul · Soul In PsyAbstract. UV-reactive acrylic on canvas — two realities: daylight and UV glow. Approx. 40×50 cm. Unique signed work. Eilat, Israel.",https://soulinpsyabstract.store/store.html#art_02,https://soulinpsyabstract.store/assets/img/02.jpg,in stock,400.00 USD,Soul In PsyAbstract,new,Arts & Entertainment > Hobbies & Creative Arts > Artwork,Original Art > Painting > Acrylic UV,no,"IL:::0 USD,US:::25.00 USD",US:*:0:y,Canvas · Acrylic · UV paint,40x50cm,original-painting,price-400usd
art_03,Luminescent Symphony of Hearts — Original UV Painting,"Original psychedelic abstract painting by Aelin AquaSoul · Soul In PsyAbstract. UV-reactive acrylic on canvas — two realities: daylight and UV glow. Approx. 40×50 cm. Unique signed work. Eilat, Israel.",https://soulinpsyabstract.store/store.html#art_03,https://soulinpsyabstract.store/assets/img/03.jpg,in stock,400.00 USD,Soul In PsyAbstract,new,Arts & Entertainment > Hobbies & Creative Arts > Artwork,Original Art > Painting > Acrylic UV,no,"IL:::0 USD,US:::25.00 USD",US:*:0:y,Canvas · Acrylic · UV paint,40x50cm,original-painting,price-400usd
art_04,Hearts in Labyrinth — Original UV Painting,"Original psychedelic abstract painting by Aelin AquaSoul · Soul In PsyAbstract. UV-reactive acrylic on canvas — two realities: daylight and UV glow. Approx. 40×50 cm. Unique signed work. Eilat, Israel.",https://soulinpsyabstract.store/store.html#art_04,https://soulinpsyabstract.store/assets/img/04.jpg,in stock,400.00 USD,Soul In PsyAbstract,new,Arts & Entertainment > Hobbies & Creative Arts > Artwork,Original Art > Painting > Acrylic UV,no,"IL:::0 USD,US:::25.00 USD",US:*:0:y,Canvas · Acrylic · UV paint,40x50cm,original-painting,price-400usd
art_05,Soul's Chaos — Original UV Painting,"Original psychedelic abstract painting by Aelin AquaSoul · Soul In PsyAbstract. UV-reactive acrylic on canvas — two realities: daylight and UV glow. Approx. 40×50 cm. Unique signed work. Eilat, Israel.",https://soulinpsyabstract.store/store.html#art_05,https://soulinpsyabstract.store/assets/img/05.jpg,in stock,400.00 USD,Soul In PsyAbstract,new,Arts & Entertainment > Hobbies & Creative Arts > Artwork,Original Art > Painting > Acrylic UV,no,"IL:::0 USD,US:::25.00 USD",US:*:0:y,Canvas · Acrylic · UV paint,40x50cm,original-painting,price-400usd
art_06,Neon Soul of Chaos — Original UV Painting,"Original psychedelic abstract painting by Aelin AquaSoul · Soul In PsyAbstract. UV-reactive acrylic on canvas — two realities: daylight and UV glow. Approx. 40×50 cm. Unique signed work. Eilat, Israel.",https://soulinpsyabstract.store/store.html#art_06,https://soulinpsyabstract.store/assets/img/06.jpg,in stock,400.00 USD,Soul In PsyAbstract,new,Arts & Entertainment > Hobbies & Creative Arts > Artwork,Original Art > Painting > Acrylic UV,no,"IL:::0 USD,US:::25.00 USD",US:*:0:y,Canvas · Acrylic · UV paint,40x50cm,original-painting,price-400usd
art_07,Dance of Neon Souls — Original UV Painting,"Original psychedelic abstract painting by Aelin AquaSoul · Soul In PsyAbstract. UV-reactive acrylic on canvas — two realities: daylight and UV glow. Approx. 40×50 cm. Unique signed work. Eilat, Israel.",https://soulinpsyabstract.store/store.html#art_07,https://soulinpsyabstract.store/assets/img/07.jpg,in stock,400.00 USD,Soul In PsyAbstract,new,Arts & Entertainment > Hobbies & Creative Arts > Artwork,Original Art > Painting > Acrylic UV,no,"IL:::0 USD,US:::25.00 USD",US:*:0:y,Canvas · Acrylic · UV paint,40x50cm,original-painting,price-400usd
art_08,Spiral of Heart's Desires — Original UV Painting,"Original psychedelic abstract painting by Aelin AquaSoul · Soul In PsyAbstract. UV-reactive acrylic on canvas — two realities: daylight and UV glow. Approx. 40×50 cm. Unique signed work. Eilat, Israel.",https://soulinpsyabstract.store/store.html#art_08,https://soulinpsyabstract.store/assets/img/08.jpg,in stock,400.00 USD,Soul In PsyAbstract,new,Arts & Entertainment > Hobbies & Creative Arts > Artwork,Original Art > Painting > Acrylic UV,no,"IL:::0 USD,US:::25.00 USD",US:*:0:y,Canvas · Acrylic · UV paint,40x50cm,original-painting,price-400usd
art_09,Hearts in Blue Chaos — Original UV Painting,"Original psychedelic abstract painting by Aelin AquaSoul · Soul In PsyAbstract. UV-reactive acrylic on canvas — two realities: daylight and UV glow. Approx. 40×50 cm. Unique signed work. Eilat, Israel.",https://soulinpsyabstract.store/store.html#art_09,https://soulinpsyabstract.store/assets/img/09.jpg,in stock,400.00 USD,Soul In PsyAbstract,new,Arts & Entertainment > Hobbies & Creative Arts > Artwork,Original Art > Painting > Acrylic UV,no,"IL:::0 USD,US:::25.00 USD",US:*:0:y,Canvas · Acrylic · UV paint,40x50cm,original-painting,price-400usd
art_10,Luminous Flower of Chaos — Original UV Painting,"Original psychedelic abstract painting by Aelin AquaSoul · Soul In PsyAbstract. UV-reactive acrylic on canvas — two realities: daylight and UV glow. Approx. 40×50 cm. Unique signed work. Eilat, Israel.",https://soulinpsyabstract.store/store.html#art_10,https://soulinpsyabstract.store/assets/img/10.jpg,in stock,400.00 USD,Soul In PsyAbstract,new,Arts & Entertainment > Hobbies & Creative Arts > Artwork,Original Art > Painting > Acrylic UV,no,"IL:::0 USD,US:::25.00 USD",US:*:0:y,Canvas · Acrylic · UV paint,40x50cm,original-painting,price-400usd
art_11,Underwater Light Carnival — Original UV Painting,"Original psychedelic abstract painting by Aelin AquaSoul · Soul In PsyAbstract. UV-reactive acrylic on canvas — two realities: daylight and UV glow. Approx. 40×50 cm. Unique signed work. Eilat, Israel.",https://soulinpsyabstract.store/store.html#art_11,https://soulinpsyabstract.store/assets/img/11.jpg,in stock,600.00 USD,Soul In PsyAbstract,new,Arts & Entertainment > Hobbies & Creative Arts > Artwork,Original Art > Painting > Acrylic UV,no,"IL:::0 USD,US:::25.00 USD",US:*:0:y,Canvas · Acrylic · UV paint,40x50cm,original-painting,price-600usd
art_12,Neon hearts of chaos — Original UV Painting,"Original psychedelic abstract painting by Aelin AquaSoul · Soul In PsyAbstract. UV-reactive acrylic on canvas — two realities: daylight and UV glow. Approx. 40×50 cm. Unique signed work. Eilat, Israel.",https://soulinpsyabstract.store/store.html#art_12,https://soulinpsyabstract.store/assets/img/12.jpg,in stock,600.00 USD,Soul In PsyAbstract,new,Arts & Entertainment > Hobbies & Creative Arts > Artwork,Original Art > Painting > Acrylic UV,no,"IL:::0 USD,US:::25.00 USD",US:*:0:y,Canvas · Acrylic · UV paint,40x50cm,original-painting,price-600usd
art_13,Underwater Carnival — Original UV Painting,"Original psychedelic abstract painting by Aelin AquaSoul · Soul In PsyAbstract. UV-reactive acrylic on canvas — two realities: daylight and UV glow. Approx. 40×50 cm. Unique signed work. Eilat, Israel.",https://soulinpsyabstract.store/store.html#art_13,https://soulinpsyabstract.store/assets/img/13.jpg,in stock,600.00 USD,Soul In PsyAbstract,new,Arts & Entertainment > Hobbies & Creative Arts > Artwork,Original Art > Painting > Acrylic UV,no,"IL:::0 USD,US:::25.00 USD",US:*:0:y,Canvas · Acrylic · UV paint,40x50cm,original-painting,price-600usd
art_14,Neon elephants dance — Original UV Painting,"Original psychedelic abstract painting by Aelin AquaSoul · Soul In PsyAbstract. UV-reactive acrylic on canvas — two realities: daylight and UV glow. Approx. 40×50 cm. Unique signed work. Eilat, Israel.",https://soulinpsyabstract.store/store.html#art_14,https://soulinpsyabstract.store/assets/img/14.jpg,in stock,600.00 USD,Soul In PsyAbstract,new,Arts & Entertainment > Hobbies & Creative Arts > Artwork,Original Art > Painting > Acrylic UV,no,"IL:::0 USD,US:::25.00 USD",US:*:0:y,Canvas · Acrylic · UV paint,40x50cm,original-painting,price-600usd
art_15,Neon Hearts Unbound — Original UV Painting,"Original psychedelic abstract painting by Aelin AquaSoul · Soul In PsyAbstract. UV-reactive acrylic on canvas — two realities: daylight and UV glow. Approx. 40×50 cm. Unique signed work. Eilat, Israel.",https://soulinpsyabstract.store/store.html#art_15,https://soulinpsyabstract.store/assets/img/15.jpg,in stock,600.00 USD,Soul In PsyAbstract,new,Arts & Entertainment > Hobbies & Creative Arts > Artwork,Original Art > Painting > Acrylic UV,no,"IL:::0 USD,US:::25.00 USD",US:*:0:y,Canvas · Acrylic · UV paint,40x50cm,original-painting,price-600usd
art_16,Soul in Chaos — Original UV Painting,"Original psychedelic abstract painting by Aelin AquaSoul · Soul In PsyAbstract. UV-reactive acrylic on canvas — two realities: daylight and UV glow. Approx. 40×50 cm. Unique signed work. Eilat, Israel.",https://soulinpsyabstract.store/store.html#art_16,https://soulinpsyabstract.store/assets/img/16.jpg,in stock,600.00 USD,Soul In PsyAbstract,new,Arts & Entertainment > Hobbies & Creative Arts > Artwork,Original Art > Painting > Acrylic UV,no,"IL:::0 USD,US:::25.00 USD",US:*:0:y,Canvas · Acrylic · UV paint,40x50cm,original-painting,price-600usd
art_17,Blue Chaos of Love — Original UV Painting,"Original psychedelic abstract painting by Aelin AquaSoul · Soul In PsyAbstract. UV-reactive acrylic on canvas — two realities: daylight and UV glow. Approx. 40×50 cm. Unique signed work. Eilat, Israel.",https://soulinpsyabstract.store/store.html#art_17,https://soulinpsyabstract.store/assets/img/17.jpg,in stock,600.00 USD,Soul In PsyAbstract,new,Arts & Entertainment > Hobbies & Creative Arts > Artwork,Original Art > Painting > Acrylic UV,no,"IL:::0 USD,US:::25.00 USD",US:*:0:y,Canvas · Acrylic · UV paint,40x50cm,original-painting,price-600usd
art_18,Psychedelic Heart of Chaos — Original UV Painting,"Original psychedelic abstract painting by Aelin AquaSoul · Soul In PsyAbstract. UV-reactive acrylic on canvas — two realities: daylight and UV glow. Approx. 40×50 cm. Unique signed work. Eilat, Israel.",https://soulinpsyabstract.store/store.html#art_18,https://soulinpsyabstract.store/assets/img/18.jpg,in stock,600.00 USD,Soul In PsyAbstract,new,Arts & Entertainment > Hobbies & Creative Arts > Artwork,Original Art > Painting > Acrylic UV,no,"IL:::0 USD,US:::25.00 USD",US:*:0:y,Canvas · Acrylic · UV paint,40x50cm,original-painting,price-600usd
art_19,Owl Within — Original UV Painting,"Original psychedelic abstract painting by Aelin AquaSoul · Soul In PsyAbstract. UV-reactive acrylic on canvas — two realities: daylight and UV glow. Approx. 40×50 cm. Unique signed work. Eilat, Israel.",https://soulinpsyabstract.store/store.html#art_19,https://soulinpsyabstract.store/assets/img/19.jpg,in stock,600.00 USD,Soul In PsyAbstract,new,Arts & Entertainment > Hobbies & Creative Arts > Artwork,Original Art > Painting > Acrylic UV,no,"IL:::0 USD,US:::25.00 USD",US:*:0:y,Canvas · Acrylic · UV paint,40x50cm,original-painting,price-600usd
art_20,Elephants of Rainbow Dreams — Original UV Painting,"Original psychedelic abstract painting by Aelin AquaSoul · Soul In PsyAbstract. UV-reactive acrylic on canvas — two realities: daylight and UV glow. Approx. 40×50 cm. Unique signed work. Eilat, Israel.",https://soulinpsyabstract.store/store.html#art_20,https://soulinpsyabstract.store/assets/img/20.jpg,in stock,600.00 USD,Soul In PsyAbstract,new,Arts & Entertainment > Hobbies & Creative Arts > Artwork,Original Art > Painting > Acrylic UV,no,"IL:::0 USD,US:::25.00 USD",US:*:0:y,Canvas · Acrylic · UV paint,40x50cm,original-painting,price-600usd
art_21,Soul in Chaos — Original UV Painting,"Original psychedelic abstract painting by Aelin AquaSoul · Soul In PsyAbstract. UV-reactive acrylic on canvas — two realities: daylight and UV glow. Approx. 40×50 cm. Unique signed work. Eilat, Israel.",https://soulinpsyabstract.store/store.html#art_21,https://soulinpsyabstract.store/assets/img/21.jpg,in stock,600.00 USD,Soul In PsyAbstract,new,Arts & Entertainment > Hobbies & Creative Arts > Artwork,Original Art > Painting > Acrylic UV,no,"IL:::0 USD,US:::25.00 USD",US:*:0:y,Canvas · Acrylic · UV paint,40x50cm,original-painting,price-600usd
art_22,Rainbow Spiral Dance — Original UV Painting,"Original psychedelic abstract painting by Aelin AquaSoul · Soul In PsyAbstract. UV-reactive acrylic on canvas — two realities: daylight and UV glow. Approx. 40×50 cm. Unique signed work. Eilat, Israel.",https://soulinpsyabstract.store/store.html#art_22,https://soulinpsyabstract.store/assets/img/22.jpg,in stock,600.00 USD,Soul In PsyAbstract,new,Arts & Entertainment > Hobbies & Creative Arts > Artwork,Original Art > Painting > Acrylic UV,no,"IL:::0 USD,US:::25.00 USD",US:*:0:y,Canvas · Acrylic · UV paint,40x50cm,original-painting,price-600usd
art_23,Neon Hearts Chaos — Original UV Painting,"Original psychedelic abstract painting by Aelin AquaSoul · Soul In PsyAbstract. UV-reactive acrylic on canvas — two realities: daylight and UV glow. Approx. 40×50 cm. Unique signed work. Eilat, Israel.",https://soulinpsyabstract.store/store.html#art_23,https://soulinpsyabstract.store/assets/img/23.jpg,in stock,600.00 USD,Soul In PsyAbstract,new,Arts & Entertainment > Hobbies & Creative Arts > Artwork,Original Art > Painting > Acrylic UV,no,"IL:::0 USD,US:::25.00 USD",US:*:0:y,Canvas · Acrylic · UV paint,40x50cm,original-painting,price-600usd
art_24,Soul in Spirals — Original UV Painting,"Original psychedelic abstract painting by Aelin AquaSoul · Soul In PsyAbstract. UV-reactive acrylic on canvas — two realities: daylight and UV glow. Approx. 40×50 cm. Unique signed work. Eilat, Israel.",https://soulinpsyabstract.store/store.html#art_24,https://soulinpsyabstract.store/assets/img/24.jpg,in stock,600.00 USD,Soul In PsyAbstract,new,Arts & Entertainment > Hobbies & Creative Arts > Artwork,Original Art > Painting > Acrylic UV,no,"IL:::0 USD,US:::25.00 USD",US:*:0:y,Canvas · Acrylic · UV paint,40x50cm,original-painting,price-600usd
art_25,Soul in Chaos — Original UV Painting,"Original psychedelic abstract painting by Aelin AquaSoul · Soul In PsyAbstract. UV-reactive acrylic on canvas — two realities: daylight and UV glow. Approx. 40×50 cm. Unique signed work. Eilat, Israel.",https://soulinpsyabstract.store/store.html#art_25,https://soulinpsyabstract.store/assets/img/25.jpg,in stock,600.00 USD,Soul In PsyAbstract,new,Arts & Entertainment > Hobbies & Creative Arts > Artwork,Original Art > Painting > Acrylic UV,no,"IL:::0 USD,US:::25.00 USD",US:*:0:y,Canvas · Acrylic · UV paint,40x50cm,original-painting,price-600usd
art_26,Spiral of Consciousness — Original UV Painting,"Original psychedelic abstract painting by Aelin AquaSoul · Soul In PsyAbstract. UV-reactive acrylic on canvas — two realities: daylight and UV glow. Approx. 40×50 cm. Unique signed work. Eilat, Israel.",https://soulinpsyabstract.store/store.html#art_26,https://soulinpsyabstract.store/assets/img/26.jpg,in stock,600.00 USD,Soul In PsyAbstract,new,Arts & Entertainment > Hobbies & Creative Arts > Artwork,Original Art > Painting > Acrylic UV,no,"IL:::0 USD,US:::25.00 USD",US:*:0:y,Canvas · Acrylic · UV paint,40x50cm,original-painting,price-600usd
art_27,PsyAbstract Work 27 — Original UV Painting,"Original psychedelic abstract painting by Aelin AquaSoul · Soul In PsyAbstract. UV-reactive acrylic on canvas — two realities: daylight and UV glow. Approx. 40×50 cm. Unique signed work. Eilat, Israel.",https://soulinpsyabstract.store/store.html#art_27,https://soulinpsyabstract.store/assets/img/27.jpg,in stock,600.00 USD,Soul In PsyAbstract,new,Arts & Entertainment > Hobbies & Creative Arts > Artwork,Original Art > Painting > Acrylic UV,no,"IL:::0 USD,US:::25.00 USD",US:*:0:y,Canvas · Acrylic · UV paint,40x50cm,original-painting,price-600usd
art_28,Spirals of the Soul — Original UV Painting,"Original psychedelic abstract painting by Aelin AquaSoul · Soul In PsyAbstract. UV-reactive acrylic on canvas — two realities: daylight and UV glow. Approx. 40×50 cm. Unique signed work. Eilat, Israel.",https://soulinpsyabstract.store/store.html#art_28,https://soulinpsyabstract.store/assets/img/28.jpg,in stock,600.00 USD,Soul In PsyAbstract,new,Arts & Entertainment > Hobbies & Creative Arts > Artwork,Original Art > Painting > Acrylic UV,no,"IL:::0 USD,US:::25.00 USD",US:*:0:y,Canvas · Acrylic · UV paint,40x50cm,original-painting,price-600usd
art_29,Neon Chaos of Soul — Original UV Painting,"Original psychedelic abstract painting by Aelin AquaSoul · Soul In PsyAbstract. UV-reactive acrylic on canvas — two realities: daylight and UV glow. Approx. 40×50 cm. Unique signed work. Eilat, Israel.",https://soulinpsyabstract.store/store.html#art_29,https://soulinpsyabstract.store/assets/img/29.jpg,in stock,600.00 USD,Soul In PsyAbstract,new,Arts & Entertainment > Hobbies & Creative Arts > Artwork,Original Art > Painting > Acrylic UV,no,"IL:::0 USD,US:::25.00 USD",US:*:0:y,Canvas · Acrylic · UV paint,40x50cm,original-painting,price-600usd
art_30,Carnival of Madness — Original UV Painting,"Original psychedelic abstract painting by Aelin AquaSoul · Soul In PsyAbstract. UV-reactive acrylic on canvas — two realities: daylight and UV glow. Approx. 40×50 cm. Unique signed work. Eilat, Israel.",https://soulinpsyabstract.store/store.html#art_30,https://soulinpsyabstract.store/assets/img/30.jpg,in stock,600.00 USD,Soul In PsyAbstract,new,Arts & Entertainment > Hobbies & Creative Arts > Artwork,Original Art > Painting > Acrylic UV,no,"IL:::0 USD,US:::25.00 USD",US:*:0:y,Canvas · Acrylic · UV paint,40x50cm,original-painting,price-600usd
art_31,Blue Chaos of Love — Original UV Painting,"Original psychedelic abstract painting by Aelin AquaSoul · Soul In PsyAbstract. UV-reactive acrylic on canvas — two realities: daylight and UV glow. Approx. 40×50 cm. Unique signed work. Eilat, Israel.",https://soulinpsyabstract.store/store.html#art_31,https://soulinpsyabstract.store/assets/img/31.jpg,in stock,600.00 USD,Soul In PsyAbstract,new,Arts & Entertainment > Hobbies & Creative Arts > Artwork,Original Art > Painting > Acrylic UV,no,"IL:::0 USD,US:::25.00 USD",US:*:0:y,Canvas · Acrylic · UV paint,40x50cm,original-painting,price-600usd
art_32,PsyAbstract Work 32 — Original UV Painting,"Original psychedelic abstract painting by Aelin AquaSoul · Soul In PsyAbstract. UV-reactive acrylic on canvas — two realities: daylight and UV glow. Approx. 40×50 cm. Unique signed work. Eilat, Israel.",https://soulinpsyabstract.store/store.html#art_32,https://soulinpsyabstract.store/assets/img/32.jpg,in stock,600.00 USD,Soul In PsyAbstract,new,Arts & Entertainment > Hobbies & Creative Arts > Artwork,Original Art > Painting > Acrylic UV,no,"IL:::0 USD,US:::25.00 USD",US:*:0:y,Canvas · Acrylic · UV paint,40x50cm,original-painting,price-600usd
art_33,Cosmic Flower Heart — Original UV Painting,"Original psychedelic abstract painting by Aelin AquaSoul · Soul In PsyAbstract. UV-reactive acrylic on canvas — two realities: daylight and UV glow. Approx. 40×50 cm. Unique signed work. Eilat, Israel.",https://soulinpsyabstract.store/store.html#art_33,https://soulinpsyabstract.store/assets/img/33.jpg,in stock,600.00 USD,Soul In PsyAbstract,new,Arts & Entertainment > Hobbies & Creative Arts > Artwork,Original Art > Painting > Acrylic UV,no,"IL:::0 USD,US:::25.00 USD",US:*:0:y,Canvas · Acrylic · UV paint,40x50cm,original-painting,price-600usd
art_34,Dance of Colored Souls — Original UV Painting,"Original psychedelic abstract painting by Aelin AquaSoul · Soul In PsyAbstract. UV-reactive acrylic on canvas — two realities: daylight and UV glow. Approx. 40×50 cm. Unique signed work. Eilat, Israel.",https://soulinpsyabstract.store/store.html#art_34,https://soulinpsyabstract.store/assets/img/34.jpg,in stock,600.00 USD,Soul In PsyAbstract,new,Arts & Entertainment > Hobbies & Creative Arts > Artwork,Original Art > Painting > Acrylic UV,no,"IL:::0 USD,US:::25.00 USD",US:*:0:y,Canvas · Acrylic · UV paint,40x50cm,original-painting,price-600usd
art_35,Spiral of Consciousness — Original UV Painting,"Original psychedelic abstract painting by Aelin AquaSoul · Soul In PsyAbstract. UV-reactive acrylic on canvas — two realities: daylight and UV glow. Approx. 40×50 cm. Unique signed work. Eilat, Israel.",https://soulinpsyabstract.store/store.html#art_35,https://soulinpsyabstract.store/assets/img/35.jpg,in stock,600.00 USD,Soul In PsyAbstract,new,Arts & Entertainment > Hobbies & Creative Arts > Artwork,Original Art > Painting > Acrylic UV,no,"IL:::0 USD,US:::25.00 USD",US:*:0:y,Canvas · Acrylic · UV paint,40x50cm,original-painting,price-600usd
art_36,Dance of Blue Souls — Original UV Painting,"Original psychedelic abstract painting by Aelin AquaSoul · Soul In PsyAbstract. UV-reactive acrylic on canvas — two realities: daylight and UV glow. Approx. 40×50 cm. Unique signed work. Eilat, Israel.",https://soulinpsyabstract.store/store.html#art_36,https://soulinpsyabstract.store/assets/img/36.jpg,in stock,600.00 USD,Soul In PsyAbstract,new,Arts & Entertainment > Hobbies & Creative Arts > Artwork,Original Art > Painting > Acrylic UV,no,"IL:::0 USD,US:::25.00 USD",US:*:0:y,Canvas · Acrylic · UV paint,40x50cm,original-painting,price-600usd
art_37,Fluid Cosmic Love — Original UV Painting,"Original psychedelic abstract painting by Aelin AquaSoul · Soul In PsyAbstract. UV-reactive acrylic on canvas — two realities: daylight and UV glow. Approx. 40×50 cm. Unique signed work. Eilat, Israel.",https://soulinpsyabstract.store/store.html#art_37,https://soulinpsyabstract.store/assets/img/37.jpg,in stock,600.00 USD,Soul In PsyAbstract,new,Arts & Entertainment > Hobbies & Creative Arts > Artwork,Original Art > Painting > Acrylic UV,no,"IL:::0 USD,US:::25.00 USD",US:*:0:y,Canvas · Acrylic · UV paint,40x50cm,original-painting,price-600usd
art_38,Questions in Color — Original UV Painting,"Original psychedelic abstract painting by Aelin AquaSoul · Soul In PsyAbstract. UV-reactive acrylic on canvas — two realities: daylight and UV glow. Approx. 40×50 cm. Unique signed work. Eilat, Israel.",https://soulinpsyabstract.store/store.html#art_38,https://soulinpsyabstract.store/assets/img/38.jpg,in stock,600.00 USD,Soul In PsyAbstract,new,Arts & Entertainment > Hobbies & Creative Arts > Artwork,Original Art > Painting > Acrylic UV,no,"IL:::0 USD,US:::25.00 USD",US:*:0:y,Canvas · Acrylic · UV paint,40x50cm,original-painting,price-600usd
art_39,Neon Symphony — Original UV Painting,"Original psychedelic abstract painting by Aelin AquaSoul · Soul In PsyAbstract. UV-reactive acrylic on canvas — two realities: daylight and UV glow. Approx. 40×50 cm. Unique signed work. Eilat, Israel.",https://soulinpsyabstract.store/store.html#art_39,https://soulinpsyabstract.store/assets/img/39.jpg,in stock,600.00 USD,Soul In PsyAbstract,new,Arts & Entertainment > Hobbies & Creative Arts > Artwork,Original Art > Painting > Acrylic UV,no,"IL:::0 USD,US:::25.00 USD",US:*:0:y,Canvas · Acrylic · UV paint,40x50cm,original-painting,price-600usd
art_40,Neon Hearts Collide — Original UV Painting,"Original psychedelic abstract painting by Aelin AquaSoul · Soul In PsyAbstract. UV-reactive acrylic on canvas — two realities: daylight and UV glow. Approx. 40×50 cm. Unique signed work. Eilat, Israel.",https://soulinpsyabstract.store/store.html#art_40,https://soulinpsyabstract.store/assets/img/40.jpg,in stock,600.00 USD,Soul In PsyAbstract,new,Arts & Entertainment > Hobbies & Creative Arts > Artwork,Original Art > Painting > Acrylic UV,no,"IL:::0 USD,US:::25.00 USD",US:*:0:y,Canvas · Acrylic · UV paint,40x50cm,original-painting,price-600usd
art_41,Luminescent chaos of hearts — Original UV Painting,"Original psychedelic abstract painting by Aelin AquaSoul · Soul In PsyAbstract. UV-reactive acrylic on canvas — two realities: daylight and UV glow. Approx. 40×50 cm. Unique signed work. Eilat, Israel.",https://soulinpsyabstract.store/store.html#art_41,https://soulinpsyabstract.store/assets/img/41.jpg,in stock,800.00 USD,Soul In PsyAbstract,new,Arts & Entertainment > Hobbies & Creative Arts > Artwork,Original Art > Painting > Acrylic UV,no,"IL:::0 USD,US:::25.00 USD",US:*:0:y,Canvas · Acrylic · UV paint,40x50cm,original-painting,price-800usd
art_42,Neon Souls Dancing — Original UV Painting,"Original psychedelic abstract painting by Aelin AquaSoul · Soul In PsyAbstract. UV-reactive acrylic on canvas — two realities: daylight and UV glow. Approx. 40×50 cm. Unique signed work. Eilat, Israel.",https://soulinpsyabstract.store/store.html#art_42,https://soulinpsyabstract.store/assets/img/42.jpg,in stock,800.00 USD,Soul In PsyAbstract,new,Arts & Entertainment > Hobbies & Creative Arts > Artwork,Original Art > Painting > Acrylic UV,no,"IL:::0 USD,US:::25.00 USD",US:*:0:y,Canvas · Acrylic · UV paint,40x50cm,original-painting,price-800usd
art_43,Soul in spirals — Original UV Painting,"Original psychedelic abstract painting by Aelin AquaSoul · Soul In PsyAbstract. UV-reactive acrylic on canvas — two realities: daylight and UV glow. Approx. 40×50 cm. Unique signed work. Eilat, Israel.",https://soulinpsyabstract.store/store.html#art_43,https://soulinpsyabstract.store/assets/img/43.jpg,in stock,800.00 USD,Soul In PsyAbstract,new,Arts & Entertainment > Hobbies & Creative Arts > Artwork,Original Art > Painting > Acrylic UV,no,"IL:::0 USD,US:::25.00 USD",US:*:0:y,Canvas · Acrylic · UV paint,40x50cm,original-painting,price-800usd
art_44,Glowing Chaos of Love — Original UV Painting,"Original psychedelic abstract painting by Aelin AquaSoul · Soul In PsyAbstract. UV-reactive acrylic on canvas — two realities: daylight and UV glow. Approx. 40×50 cm. Unique signed work. Eilat, Israel.",https://soulinpsyabstract.store/store.html#art_44,https://soulinpsyabstract.store/assets/img/44.jpg,in stock,800.00 USD,Soul In PsyAbstract,new,Arts & Entertainment > Hobbies & Creative Arts > Artwork,Original Art > Painting > Acrylic UV,no,"IL:::0 USD,US:::25.00 USD",US:*:0:y,Canvas · Acrylic · UV paint,40x50cm,original-painting,price-800usd
art_45,Chaos of Colored Hearts — Original UV Painting,"Original psychedelic abstract painting by Aelin AquaSoul · Soul In PsyAbstract. UV-reactive acrylic on canvas — two realities: daylight and UV glow. Approx. 40×50 cm. Unique signed work. Eilat, Israel.",https://soulinpsyabstract.store/store.html#art_45,https://soulinpsyabstract.store/assets/img/45.jpg,in stock,800.00 USD,Soul In PsyAbstract,new,Arts & Entertainment > Hobbies & Creative Arts > Artwork,Original Art > Painting > Acrylic UV,no,"IL:::0 USD,US:::25.00 USD",US:*:0:y,Canvas · Acrylic · UV paint,40x50cm,original-painting,price-800usd
art_46,Luminescent chaos of love — Original UV Painting,"Original psychedelic abstract painting by Aelin AquaSoul · Soul In PsyAbstract. UV-reactive acrylic on canvas — two realities: daylight and UV glow. Approx. 40×50 cm. Unique signed work. Eilat, Israel.",https://soulinpsyabstract.store/store.html#art_46,https://soulinpsyabstract.store/assets/img/46.jpg,in stock,800.00 USD,Soul In PsyAbstract,new,Arts & Entertainment > Hobbies & Creative Arts > Artwork,Original Art > Painting > Acrylic UV,no,"IL:::0 USD,US:::25.00 USD",US:*:0:y,Canvas · Acrylic · UV paint,40x50cm,original-painting,price-800usd
art_47,Neon Soul of Chaos — Original UV Painting,"Original psychedelic abstract painting by Aelin AquaSoul · Soul In PsyAbstract. UV-reactive acrylic on canvas — two realities: daylight and UV glow. Approx. 40×50 cm. Unique signed work. Eilat, Israel.",https://soulinpsyabstract.store/store.html#art_47,https://soulinpsyabstract.store/assets/img/47.jpg,in stock,800.00 USD,Soul In PsyAbstract,new,Arts & Entertainment > Hobbies & Creative Arts > Artwork,Original Art > Painting > Acrylic UV,no,"IL:::0 USD,US:::25.00 USD",US:*:0:y,Canvas · Acrylic · UV paint,40x50cm,original-painting,price-800usd
art_48,Neon chaos of love — Original UV Painting,"Original psychedelic abstract painting by Aelin AquaSoul · Soul In PsyAbstract. UV-reactive acrylic on canvas — two realities: daylight and UV glow. Approx. 40×50 cm. Unique signed work. Eilat, Israel.",https://soulinpsyabstract.store/store.html#art_48,https://soulinpsyabstract.store/assets/img/48.jpg,in stock,800.00 USD,Soul In PsyAbstract,new,Arts & Entertainment > Hobbies & Creative Arts > Artwork,Original Art > Painting > Acrylic UV,no,"IL:::0 USD,US:::25.00 USD",US:*:0:y,Canvas · Acrylic · UV paint,40x50cm,original-painting,price-800usd
art_49,Bong & Kisses — Original UV Painting,"Original psychedelic abstract painting by Aelin AquaSoul · Soul In PsyAbstract. UV-reactive acrylic on canvas — two realities: daylight and UV glow. Approx. 40×50 cm. Unique signed work. Eilat, Israel.",https://soulinpsyabstract.store/store.html#art_49,https://soulinpsyabstract.store/assets/img/49.jpg,in stock,800.00 USD,Soul In PsyAbstract,new,Arts & Entertainment > Hobbies & Creative Arts > Artwork,Original Art > Painting > Acrylic UV,no,"IL:::0 USD,US:::25.00 USD",US:*:0:y,Canvas · Acrylic · UV paint,40x50cm,original-painting,price-800usd
art_50,PsyAbstract Work 50 — Original UV Painting,"Original psychedelic abstract painting by Aelin AquaSoul · Soul In PsyAbstract. UV-reactive acrylic on canvas — two realities: daylight and UV glow. Approx. 40×50 cm. Unique signed work. Eilat, Israel.",https://soulinpsyabstract.store/store.html#art_50,https://soulinpsyabstract.store/assets/img/50.jpg,in stock,800.00 USD,Soul In PsyAbstract,new,Arts & Entertainment > Hobbies & Creative Arts > Artwork,Original Art > Painting > Acrylic UV,no,"IL:::0 USD,US:::25.00 USD",US:*:0:y,Canvas · Acrylic · UV paint,40x50cm,original-painting,price-800usd
art_51,Spiral of Golden Dreams — Original UV Painting,"Original psychedelic abstract painting by Aelin AquaSoul · Soul In PsyAbstract. UV-reactive acrylic on canvas — two realities: daylight and UV glow. Approx. 40×50 cm. Unique signed work. Eilat, Israel.",https://soulinpsyabstract.store/store.html#art_51,https://soulinpsyabstract.store/assets/img/51.jpg,in stock,800.00 USD,Soul In PsyAbstract,new,Arts & Entertainment > Hobbies & Creative Arts > Artwork,Original Art > Painting > Acrylic UV,no,"IL:::0 USD,US:::25.00 USD",US:*:0:y,Canvas · Acrylic · UV paint,40x50cm,original-painting,price-800usd
art_52,Rainbow Heart Dance — Original UV Painting,"Original psychedelic abstract painting by Aelin AquaSoul · Soul In PsyAbstract. UV-reactive acrylic on canvas — two realities: daylight and UV glow. Approx. 40×50 cm. Unique signed work. Eilat, Israel.",https://soulinpsyabstract.store/store.html#art_52,https://soulinpsyabstract.store/assets/img/52.jpg,in stock,800.00 USD,Soul In PsyAbstract,new,Arts & Entertainment > Hobbies & Creative Arts > Artwork,Original Art > Painting > Acrylic UV,no,"IL:::0 USD,US:::25.00 USD",US:*:0:y,Canvas · Acrylic · UV paint,40x50cm,original-painting,price-800usd
art_53,Rainbow Energy Burst — Original UV Painting,"Original psychedelic abstract painting by Aelin AquaSoul · Soul In PsyAbstract. UV-reactive acrylic on canvas — two realities: daylight and UV glow. Approx. 40×50 cm. Unique signed work. Eilat, Israel.",https://soulinpsyabstract.store/store.html#art_53,https://soulinpsyabstract.store/assets/img/53.jpg,in stock,800.00 USD,Soul In PsyAbstract,new,Arts & Entertainment > Hobbies & Creative Arts > Artwork,Original Art > Painting > Acrylic UV,no,"IL:::0 USD,US:::25.00 USD",US:*:0:y,Canvas · Acrylic · UV paint,40x50cm,original-painting,price-800usd
art_54,PsyAbstract Work 54 — Original UV Painting,"Original psychedelic abstract painting by Aelin AquaSoul · Soul In PsyAbstract. UV-reactive acrylic on canvas — two realities: daylight and UV glow. Approx. 40×50 cm. Unique signed work. Eilat, Israel.",https://soulinpsyabstract.store/store.html#art_54,https://soulinpsyabstract.store/assets/img/54.jpg,in stock,800.00 USD,Soul In PsyAbstract,new,Arts & Entertainment > Hobbies & Creative Arts > Artwork,Original Art > Painting > Acrylic UV,no,"IL:::0 USD,US:::25.00 USD",US:*:0:y,Canvas · Acrylic · UV paint,40x50cm,original-painting,price-800usd
art_55,Hearts in Light's Chaos — Original UV Painting,"Original psychedelic abstract painting by Aelin AquaSoul · Soul In PsyAbstract. UV-reactive acrylic on canvas — two realities: daylight and UV glow. Approx. 40×50 cm. Unique signed work. Eilat, Israel.",https://soulinpsyabstract.store/store.html#art_55,https://soulinpsyabstract.store/assets/img/55.jpg,in stock,800.00 USD,Soul In PsyAbstract,new,Arts & Entertainment > Hobbies & Creative Arts > Artwork,Original Art > Painting > Acrylic UV,no,"IL:::0 USD,US:::25.00 USD",US:*:0:y,Canvas · Acrylic · UV paint,40x50cm,original-painting,price-800usd
art_56,Soul in Chaos — Original UV Painting,"Original psychedelic abstract painting by Aelin AquaSoul · Soul In PsyAbstract. UV-reactive acrylic on canvas — two realities: daylight and UV glow. Approx. 40×50 cm. Unique signed work. Eilat, Israel.",https://soulinpsyabstract.store/store.html#art_56,https://soulinpsyabstract.store/assets/img/56.jpg,in stock,800.00 USD,Soul In PsyAbstract,new,Arts & Entertainment > Hobbies & Creative Arts > Artwork,Original Art > Painting > Acrylic UV,no,"IL:::0 USD,US:::25.00 USD",US:*:0:y,Canvas · Acrylic · UV paint,40x50cm,original-painting,price-800usd
art_57,Bee in Chaos — Original UV Painting,"Original psychedelic abstract painting by Aelin AquaSoul · Soul In PsyAbstract. UV-reactive acrylic on canvas — two realities: daylight and UV glow. Approx. 40×50 cm. Unique signed work. Eilat, Israel.",https://soulinpsyabstract.store/store.html#art_57,https://soulinpsyabstract.store/assets/img/57.jpg,in stock,800.00 USD,Soul In PsyAbstract,new,Arts & Entertainment > Hobbies & Creative Arts > Artwork,Original Art > Painting > Acrylic UV,no,"IL:::0 USD,US:::25.00 USD",US:*:0:y,Canvas · Acrylic · UV paint,40x50cm,original-painting,price-800usd
art_58,Chaos of Colorful Hearts — Original UV Painting,"Original psychedelic abstract painting by Aelin AquaSoul · Soul In PsyAbstract. UV-reactive acrylic on canvas — two realities: daylight and UV glow. Approx. 40×50 cm. Unique signed work. Eilat, Israel.",https://soulinpsyabstract.store/store.html#art_58,https://soulinpsyabstract.store/assets/img/58.jpg,in stock,800.00 USD,Soul In PsyAbstract,new,Arts & Entertainment > Hobbies & Creative Arts > Artwork,Original Art > Painting > Acrylic UV,no,"IL:::0 USD,US:::25.00 USD",US:*:0:y,Canvas · Acrylic · UV paint,40x50cm,original-painting,price-800usd
art_59,Neon Hearts Collide — Original UV Painting,"Original psychedelic abstract painting by Aelin AquaSoul · Soul In PsyAbstract. UV-reactive acrylic on canvas — two realities: daylight and UV glow. Approx. 40×50 cm. Unique signed work. Eilat, Israel.",https://soulinpsyabstract.store/store.html#art_59,https://soulinpsyabstract.store/assets/img/59.jpg,in stock,800.00 USD,Soul In PsyAbstract,new,Arts & Entertainment > Hobbies & Creative Arts > Artwork,Original Art > Painting > Acrylic UV,no,"IL:::0 USD,US:::25.00 USD",US:*:0:y,Canvas · Acrylic · UV paint,40x50cm,original-painting,price-800usd
art_60,Luminescent Hearts — Original UV Painting,"Original psychedelic abstract painting by Aelin AquaSoul · Soul In PsyAbstract. UV-reactive acrylic on canvas — two realities: daylight and UV glow. Approx. 40×50 cm. Unique signed work. Eilat, Israel.",https://soulinpsyabstract.store/store.html#art_60,https://soulinpsyabstract.store/assets/img/60.jpg,in stock,800.00 USD,Soul In PsyAbstract,new,Arts & Entertainment > Hobbies & Creative Arts > Artwork,Original Art > Painting > Acrylic UV,no,"IL:::0 USD,US:::25.00 USD",US:*:0:y,Canvas · Acrylic · UV paint,40x50cm,original-painting,price-800usd
art_61,Rose in Chaos — Original UV Painting,"Original psychedelic abstract painting by Aelin AquaSoul · Soul In PsyAbstract. UV-reactive acrylic on canvas — two realities: daylight and UV glow. Approx. 40×50 cm. Unique signed work. Eilat, Israel.",https://soulinpsyabstract.store/store.html#art_61,https://soulinpsyabstract.store/assets/img/61.jpg,in stock,800.00 USD,Soul In PsyAbstract,new,Arts & Entertainment > Hobbies & Creative Arts > Artwork,Original Art > Painting > Acrylic UV,no,"IL:::0 USD,US:::25.00 USD",US:*:0:y,Canvas · Acrylic · UV paint,40x50cm,original-painting,price-800usd
art_62,PsyAbstract Work 62 — Original UV Painting,"Original psychedelic abstract painting by Aelin AquaSoul · Soul In PsyAbstract. UV-reactive acrylic on canvas — two realities: daylight and UV glow. Approx. 40×50 cm. Unique signed work. Eilat, Israel.",https://soulinpsyabstract.store/store.html#art_62,https://soulinpsyabstract.store/assets/img/62.jpg,in stock,800.00 USD,Soul In PsyAbstract,new,Arts & Entertainment > Hobbies & Creative Arts > Artwork,Original Art > Painting > Acrylic UV,no,"IL:::0 USD,US:::25.00 USD",US:*:0:y,Canvas · Acrylic · UV paint,40x50cm,original-painting,price-800usd
art_63,Blooming hearts of chaos — Original UV Painting,"Original psychedelic abstract painting by Aelin AquaSoul · Soul In PsyAbstract. UV-reactive acrylic on canvas — two realities: daylight and UV glow. Approx. 40×50 cm. Unique signed work. Eilat, Israel.",https://soulinpsyabstract.store/store.html#art_63,https://soulinpsyabstract.store/assets/img/63.jpg,in stock,800.00 USD,Soul In PsyAbstract,new,Arts & Entertainment > Hobbies & Creative Arts > Artwork,Original Art > Painting > Acrylic UV,no,"IL:::0 USD,US:::25.00 USD",US:*:0:y,Canvas · Acrylic · UV paint,40x50cm,original-painting,price-800usd
art_64,Soul in Chaos — Original UV Painting,"Original psychedelic abstract painting by Aelin AquaSoul · Soul In PsyAbstract. UV-reactive acrylic on canvas — two realities: daylight and UV glow. Approx. 40×50 cm. Unique signed work. Eilat, Israel.",https://soulinpsyabstract.store/store.html#art_64,https://soulinpsyabstract.store/assets/img/64.jpg,in stock,800.00 USD,Soul In PsyAbstract,new,Arts & Entertainment > Hobbies & Creative Arts > Artwork,Original Art > Painting > Acrylic UV,no,"IL:::0 USD,US:::25.00 USD",US:*:0:y,Canvas · Acrylic · UV paint,40x50cm,original-painting,price-800usd
art_65,PsyAbstract Work 65 — Original UV Painting,"Original psychedelic abstract painting by Aelin AquaSoul · Soul In PsyAbstract. UV-reactive acrylic on canvas — two realities: daylight and UV glow. Approx. 40×50 cm. Unique signed work. Eilat, Israel.",https://soulinpsyabstract.store/store.html#art_65,https://soulinpsyabstract.store/assets/img/65.jpg,in stock,800.00 USD,Soul In PsyAbstract,new,Arts & Entertainment > Hobbies & Creative Arts > Artwork,Original Art > Painting > Acrylic UV,no,"IL:::0 USD,US:::25.00 USD",US:*:0:y,Canvas · Acrylic · UV paint,40x50cm,original-painting,price-800usd
art_66,Spirals of Colored Dreams — Original UV Painting,"Original psychedelic abstract painting by Aelin AquaSoul · Soul In PsyAbstract. UV-reactive acrylic on canvas — two realities: daylight and UV glow. Approx. 40×50 cm. Unique signed work. Eilat, Israel.",https://soulinpsyabstract.store/store.html#art_66,https://soulinpsyabstract.store/assets/img/66.jpg,in stock,800.00 USD,Soul In PsyAbstract,new,Arts & Entertainment > Hobbies & Creative Arts > Artwork,Original Art > Painting > Acrylic UV,no,"IL:::0 USD,US:::25.00 USD",US:*:0:y,Canvas · Acrylic · UV paint,40x50cm,original-painting,price-800usd
art_67,Love in Chaos — Original UV Painting,"Original psychedelic abstract painting by Aelin AquaSoul · Soul In PsyAbstract. UV-reactive acrylic on canvas — two realities: daylight and UV glow. Approx. 40×50 cm. Unique signed work. Eilat, Israel.",https://soulinpsyabstract.store/store.html#art_67,https://soulinpsyabstract.store/assets/img/67.jpg,in stock,800.00 USD,Soul In PsyAbstract,new,Arts & Entertainment > Hobbies & Creative Arts > Artwork,Original Art > Painting > Acrylic UV,no,"IL:::0 USD,US:::25.00 USD",US:*:0:y,Canvas · Acrylic · UV paint,40x50cm,original-painting,price-800usd
art_68,Hearts in Chaos Light — Original UV Painting,"Original psychedelic abstract painting by Aelin AquaSoul · Soul In PsyAbstract. UV-reactive acrylic on canvas — two realities: daylight and UV glow. Approx. 40×50 cm. Unique signed work. Eilat, Israel.",https://soulinpsyabstract.store/store.html#art_68,https://soulinpsyabstract.store/assets/img/68.jpg,in stock,800.00 USD,Soul In PsyAbstract,new,Arts & Entertainment > Hobbies & Creative Arts > Artwork,Original Art > Painting > Acrylic UV,no,"IL:::0 USD,US:::25.00 USD",US:*:0:y,Canvas · Acrylic · UV paint,40x50cm,original-painting,price-800usd
art_69,Hearts in spiraling light — Original UV Painting,"Original psychedelic abstract painting by Aelin AquaSoul · Soul In PsyAbstract. UV-reactive acrylic on canvas — two realities: daylight and UV glow. Approx. 40×50 cm. Unique signed work. Eilat, Israel.",https://soulinpsyabstract.store/store.html#art_69,https://soulinpsyabstract.store/assets/img/69.jpg,in stock,800.00 USD,Soul In PsyAbstract,new,Arts & Entertainment > Hobbies & Creative Arts > Artwork,Original Art > Painting > Acrylic UV,no,"IL:::0 USD,US:::25.00 USD",US:*:0:y,Canvas · Acrylic · UV paint,40x50cm,original-painting,price-800usd
art_70,Labyrinth of Living Leaves — Original UV Painting,"Original psychedelic abstract painting by Aelin AquaSoul · Soul In PsyAbstract. UV-reactive acrylic on canvas — two realities: daylight and UV glow. Approx. 40×50 cm. Unique signed work. Eilat, Israel.",https://soulinpsyabstract.store/store.html#art_70,https://soulinpsyabstract.store/assets/img/70.jpg,in stock,800.00 USD,Soul In PsyAbstract,new,Arts & Entertainment > Hobbies & Creative Arts > Artwork,Original Art > Painting > Acrylic UV,no,"IL:::0 USD,US:::25.00 USD",US:*:0:y,Canvas · Acrylic · UV paint,40x50cm,original-painting,price-800usd
art_71,Tree of Life Glows — Original UV Painting,"Original psychedelic abstract painting by Aelin AquaSoul · Soul In PsyAbstract. UV-reactive acrylic on canvas — two realities: daylight and UV glow. Approx. 40×50 cm. Unique signed work. Eilat, Israel.",https://soulinpsyabstract.store/store.html#art_71,https://soulinpsyabstract.store/assets/img/71.jpg,in stock,1000.00 USD,Soul In PsyAbstract,new,Arts & Entertainment > Hobbies & Creative Arts > Artwork,Original Art > Painting > Acrylic UV,no,"IL:::0 USD,US:::25.00 USD",US:*:0:y,Canvas · Acrylic · UV paint,40x50cm,original-painting,price-1000usd
art_72,Heart of the Growing Tree — Original UV Painting,"Original psychedelic abstract painting by Aelin AquaSoul · Soul In PsyAbstract. UV-reactive acrylic on canvas — two realities: daylight and UV glow. Approx. 40×50 cm. Unique signed work. Eilat, Israel.",https://soulinpsyabstract.store/store.html#art_72,https://soulinpsyabstract.store/assets/img/72.jpg,in stock,1000.00 USD,Soul In PsyAbstract,new,Arts & Entertainment > Hobbies & Creative Arts > Artwork,Original Art > Painting > Acrylic UV,no,"IL:::0 USD,US:::25.00 USD",US:*:0:y,Canvas · Acrylic · UV paint,40x50cm,original-painting,price-1000usd
art_73,Tree of Hearts and Spirals — Original UV Painting,"Original psychedelic abstract painting by Aelin AquaSoul · Soul In PsyAbstract. UV-reactive acrylic on canvas — two realities: daylight and UV glow. Approx. 40×50 cm. Unique signed work. Eilat, Israel.",https://soulinpsyabstract.store/store.html#art_73,https://soulinpsyabstract.store/assets/img/73.jpg,in stock,1000.00 USD,Soul In PsyAbstract,new,Arts & Entertainment > Hobbies & Creative Arts > Artwork,Original Art > Painting > Acrylic UV,no,"IL:::0 USD,US:::25.00 USD",US:*:0:y,Canvas · Acrylic · UV paint,40x50cm,original-painting,price-1000usd
art_74,Branches of Light and Shadow — Original UV Painting,"Original psychedelic abstract painting by Aelin AquaSoul · Soul In PsyAbstract. UV-reactive acrylic on canvas — two realities: daylight and UV glow. Approx. 40×50 cm. Unique signed work. Eilat, Israel.",https://soulinpsyabstract.store/store.html#art_74,https://soulinpsyabstract.store/assets/img/74.jpg,in stock,1000.00 USD,Soul In PsyAbstract,new,Arts & Entertainment > Hobbies & Creative Arts > Artwork,Original Art > Painting > Acrylic UV,no,"IL:::0 USD,US:::25.00 USD",US:*:0:y,Canvas · Acrylic · UV paint,40x50cm,original-painting,price-1000usd
art_75,Heart in Labyrinth — Original UV Painting,"Original psychedelic abstract painting by Aelin AquaSoul · Soul In PsyAbstract. UV-reactive acrylic on canvas — two realities: daylight and UV glow. Approx. 40×50 cm. Unique signed work. Eilat, Israel.",https://soulinpsyabstract.store/store.html#art_75,https://soulinpsyabstract.store/assets/img/75.jpg,in stock,1000.00 USD,Soul In PsyAbstract,new,Arts & Entertainment > Hobbies & Creative Arts > Artwork,Original Art > Painting > Acrylic UV,no,"IL:::0 USD,US:::25.00 USD",US:*:0:y,Canvas · Acrylic · UV paint,40x50cm,original-painting,price-1000usd
art_76,Soul in Spirals — Original UV Painting,"Original psychedelic abstract painting by Aelin AquaSoul · Soul In PsyAbstract. UV-reactive acrylic on canvas — two realities: daylight and UV glow. Approx. 40×50 cm. Unique signed work. Eilat, Israel.",https://soulinpsyabstract.store/store.html#art_76,https://soulinpsyabstract.store/assets/img/76.jpg,in stock,1000.00 USD,Soul In PsyAbstract,new,Arts & Entertainment > Hobbies & Creative Arts > Artwork,Original Art > Painting > Acrylic UV,no,"IL:::0 USD,US:::25.00 USD",US:*:0:y,Canvas · Acrylic · UV paint,40x50cm,original-painting,price-1000usd
art_77,Blue Chaos — Original UV Painting,"Original psychedelic abstract painting by Aelin AquaSoul · Soul In PsyAbstract. UV-reactive acrylic on canvas — two realities: daylight and UV glow. Approx. 40×50 cm. Unique signed work. Eilat, Israel.",https://soulinpsyabstract.store/store.html#art_77,https://soulinpsyabstract.store/assets/img/77.jpg,in stock,1000.00 USD,Soul In PsyAbstract,new,Arts & Entertainment > Hobbies & Creative Arts > Artwork,Original Art > Painting > Acrylic UV,no,"IL:::0 USD,US:::25.00 USD",US:*:0:y,Canvas · Acrylic · UV paint,40x50cm,original-painting,price-1000usd
art_78,Neon burst of joy — Original UV Painting,"Original psychedelic abstract painting by Aelin AquaSoul · Soul In PsyAbstract. UV-reactive acrylic on canvas — two realities: daylight and UV glow. Approx. 40×50 cm. Unique signed work. Eilat, Israel.",https://soulinpsyabstract.store/store.html#art_78,https://soulinpsyabstract.store/assets/img/78.jpg,in stock,1000.00 USD,Soul In PsyAbstract,new,Arts & Entertainment > Hobbies & Creative Arts > Artwork,Original Art > Painting > Acrylic UV,no,"IL:::0 USD,US:::25.00 USD",US:*:0:y,Canvas · Acrylic · UV paint,40x50cm,original-painting,price-1000usd
art_79,Tree of Soulful Spirals — Original UV Painting,"Original psychedelic abstract painting by Aelin AquaSoul · Soul In PsyAbstract. UV-reactive acrylic on canvas — two realities: daylight and UV glow. Approx. 40×50 cm. Unique signed work. Eilat, Israel.",https://soulinpsyabstract.store/store.html#art_79,https://soulinpsyabstract.store/assets/img/79.jpg,in stock,1000.00 USD,Soul In PsyAbstract,new,Arts & Entertainment > Hobbies & Creative Arts > Artwork,Original Art > Painting > Acrylic UV,no,"IL:::0 USD,US:::25.00 USD",US:*:0:y,Canvas · Acrylic · UV paint,40x50cm,original-painting,price-1000usd
art_80,PsyAbstract Work 80 — Original UV Painting,"Original psychedelic abstract painting by Aelin AquaSoul · Soul In PsyAbstract. UV-reactive acrylic on canvas — two realities: daylight and UV glow. Approx. 40×50 cm. Unique signed work. Eilat, Israel.",https://soulinpsyabstract.store/store.html#art_80,https://soulinpsyabstract.store/assets/img/80.jpg,in stock,1000.00 USD,Soul In PsyAbstract,new,Arts & Entertainment > Hobbies & Creative Arts > Artwork,Original Art > Painting > Acrylic UV,no,"IL:::0 USD,US:::25.00 USD",US:*:0:y,Canvas · Acrylic · UV paint,40x50cm,original-painting,price-1000usd
art_81,Blue Chaos of Mind — Original UV Painting,"Original psychedelic abstract painting by Aelin AquaSoul · Soul In PsyAbstract. UV-reactive acrylic on canvas — two realities: daylight and UV glow. Approx. 40×50 cm. Unique signed work. Eilat, Israel.",https://soulinpsyabstract.store/store.html#art_81,https://soulinpsyabstract.store/assets/img/81.jpg,in stock,1000.00 USD,Soul In PsyAbstract,new,Arts & Entertainment > Hobbies & Creative Arts > Artwork,Original Art > Painting > Acrylic UV,no,"IL:::0 USD,US:::25.00 USD",US:*:0:y,Canvas · Acrylic · UV paint,40x50cm,original-painting,price-1000usd
art_82,Soul in Chaos — Original UV Painting,"Original psychedelic abstract painting by Aelin AquaSoul · Soul In PsyAbstract. UV-reactive acrylic on canvas — two realities: daylight and UV glow. Approx. 40×50 cm. Unique signed work. Eilat, Israel.",https://soulinpsyabstract.store/store.html#art_82,https://soulinpsyabstract.store/assets/img/82.jpg,in stock,1000.00 USD,Soul In PsyAbstract,new,Arts & Entertainment > Hobbies & Creative Arts > Artwork,Original Art > Painting > Acrylic UV,no,"IL:::0 USD,US:::25.00 USD",US:*:0:y,Canvas · Acrylic · UV paint,40x50cm,original-painting,price-1000usd
art_83,Hearts in the Labyrinth — Original UV Painting,"Original psychedelic abstract painting by Aelin AquaSoul · Soul In PsyAbstract. UV-reactive acrylic on canvas — two realities: daylight and UV glow. Approx. 40×50 cm. Unique signed work. Eilat, Israel.",https://soulinpsyabstract.store/store.html#art_83,https://soulinpsyabstract.store/assets/img/83.jpg,in stock,1000.00 USD,Soul In PsyAbstract,new,Arts & Entertainment > Hobbies & Creative Arts > Artwork,Original Art > Painting > Acrylic UV,no,"IL:::0 USD,US:::25.00 USD",US:*:0:y,Canvas · Acrylic · UV paint,40x50cm,original-painting,price-1000usd
art_84,Dual Hearts of Chaos — Original UV Painting,"Original psychedelic abstract painting by Aelin AquaSoul · Soul In PsyAbstract. UV-reactive acrylic on canvas — two realities: daylight and UV glow. Approx. 40×50 cm. Unique signed work. Eilat, Israel.",https://soulinpsyabstract.store/store.html#art_84,https://soulinpsyabstract.store/assets/img/84.jpg,in stock,1000.00 USD,Soul In PsyAbstract,new,Arts & Entertainment > Hobbies & Creative Arts > Artwork,Original Art > Painting > Acrylic UV,no,"IL:::0 USD,US:::25.00 USD",US:*:0:y,Canvas · Acrylic · UV paint,40x50cm,original-painting,price-1000usd
art_85,PsyAbstract Work 85 — Original UV Painting,"Original psychedelic abstract painting by Aelin AquaSoul · Soul In PsyAbstract. UV-reactive acrylic on canvas — two realities: daylight and UV glow. Approx. 40×50 cm. Unique signed work. Eilat, Israel.",https://soulinpsyabstract.store/store.html#art_85,https://soulinpsyabstract.store/assets/img/85.jpg,in stock,1000.00 USD,Soul In PsyAbstract,new,Arts & Entertainment > Hobbies & Creative Arts > Artwork,Original Art > Painting > Acrylic UV,no,"IL:::0 USD,US:::25.00 USD",US:*:0:y,Canvas · Acrylic · UV paint,40x50cm,original-painting,price-1000usd
art_86,PsyAbstract Work 86 — Original UV Painting,"Original psychedelic abstract painting by Aelin AquaSoul · Soul In PsyAbstract. UV-reactive acrylic on canvas — two realities: daylight and UV glow. Approx. 40×50 cm. Unique signed work. Eilat, Israel.",https://soulinpsyabstract.store/store.html#art_86,https://soulinpsyabstract.store/assets/img/86.jpg,in stock,1000.00 USD,Soul In PsyAbstract,new,Arts & Entertainment > Hobbies & Creative Arts > Artwork,Original Art > Painting > Acrylic UV,no,"IL:::0 USD,US:::25.00 USD",US:*:0:y,Canvas · Acrylic · UV paint,40x50cm,original-painting,price-1000usd
art_87,Neon Hearts Dance — Original UV Painting,"Original psychedelic abstract painting by Aelin AquaSoul · Soul In PsyAbstract. UV-reactive acrylic on canvas — two realities: daylight and UV glow. Approx. 40×50 cm. Unique signed work. Eilat, Israel.",https://soulinpsyabstract.store/store.html#art_87,https://soulinpsyabstract.store/assets/img/87.jpg,in stock,1000.00 USD,Soul In PsyAbstract,new,Arts & Entertainment > Hobbies & Creative Arts > Artwork,Original Art > Painting > Acrylic UV,no,"IL:::0 USD,US:::25.00 USD",US:*:0:y,Canvas · Acrylic · UV paint,40x50cm,original-painting,price-1000usd
art_88,Spiral of Inner Vision — Original UV Painting,"Original psychedelic abstract painting by Aelin AquaSoul · Soul In PsyAbstract. UV-reactive acrylic on canvas — two realities: daylight and UV glow. Approx. 40×50 cm. Unique signed work. Eilat, Israel.",https://soulinpsyabstract.store/store.html#art_88,https://soulinpsyabstract.store/assets/img/88.jpg,in stock,1000.00 USD,Soul In PsyAbstract,new,Arts & Entertainment > Hobbies & Creative Arts > Artwork,Original Art > Painting > Acrylic UV,no,"IL:::0 USD,US:::25.00 USD",US:*:0:y,Canvas · Acrylic · UV paint,40x50cm,original-painting,price-1000usd
art_89,Chaos of Colored Hearts — Original UV Painting,"Original psychedelic abstract painting by Aelin AquaSoul · Soul In PsyAbstract. UV-reactive acrylic on canvas — two realities: daylight and UV glow. Approx. 40×50 cm. Unique signed work. Eilat, Israel.",https://soulinpsyabstract.store/store.html#art_89,https://soulinpsyabstract.store/assets/img/89.jpg,in stock,1000.00 USD,Soul In PsyAbstract,new,Arts & Entertainment > Hobbies & Creative Arts > Artwork,Original Art > Painting > Acrylic UV,no,"IL:::0 USD,US:::25.00 USD",US:*:0:y,Canvas · Acrylic · UV paint,40x50cm,original-painting,price-1000usd
art_90,Neon Hearts of Chaos — Original UV Painting,"Original psychedelic abstract painting by Aelin AquaSoul · Soul In PsyAbstract. UV-reactive acrylic on canvas — two realities: daylight and UV glow. Approx. 40×50 cm. Unique signed work. Eilat, Israel.",https://soulinpsyabstract.store/store.html#art_90,https://soulinpsyabstract.store/assets/img/90.jpg,in stock,1000.00 USD,Soul In PsyAbstract,new,Arts & Entertainment > Hobbies & Creative Arts > Artwork,Original Art > Painting > Acrylic UV,no,"IL:::0 USD,US:::25.00 USD",US:*:0:y,Canvas · Acrylic · UV paint,40x50cm,original-painting,price-1000usd
art_91,Hearts in Spirals — Original UV Painting,"Original psychedelic abstract painting by Aelin AquaSoul · Soul In PsyAbstract. UV-reactive acrylic on canvas — two realities: daylight and UV glow. Approx. 40×50 cm. Unique signed work. Eilat, Israel.",https://soulinpsyabstract.store/store.html#art_91,https://soulinpsyabstract.store/assets/img/91.jpg,in stock,1000.00 USD,Soul In PsyAbstract,new,Arts & Entertainment > Hobbies & Creative Arts > Artwork,Original Art > Painting > Acrylic UV,no,"IL:::0 USD,US:::25.00 USD",US:*:0:y,Canvas · Acrylic · UV paint,40x50cm,original-painting,price-1000usd
art_92,PsyAbstract Work 92 — Original UV Painting,"Original psychedelic abstract painting by Aelin AquaSoul · Soul In PsyAbstract. UV-reactive acrylic on canvas — two realities: daylight and UV glow. Approx. 40×50 cm. Unique signed work. Eilat, Israel.",https://soulinpsyabstract.store/store.html#art_92,https://soulinpsyabstract.store/assets/img/92.jpg,in stock,1000.00 USD,Soul In PsyAbstract,new,Arts & Entertainment > Hobbies & Creative Arts > Artwork,Original Art > Painting > Acrylic UV,no,"IL:::0 USD,US:::25.00 USD",US:*:0:y,Canvas · Acrylic · UV paint,40x50cm,original-painting,price-1000usd
art_93,Soul in Color — Original UV Painting,"Original psychedelic abstract painting by Aelin AquaSoul · Soul In PsyAbstract. UV-reactive acrylic on canvas — two realities: daylight and UV glow. Approx. 40×50 cm. Unique signed work. Eilat, Israel.",https://soulinpsyabstract.store/store.html#art_93,https://soulinpsyabstract.store/assets/img/93.jpg,in stock,1000.00 USD,Soul In PsyAbstract,new,Arts & Entertainment > Hobbies & Creative Arts > Artwork,Original Art > Painting > Acrylic UV,no,"IL:::0 USD,US:::25.00 USD",US:*:0:y,Canvas · Acrylic · UV paint,40x50cm,original-painting,price-1000usd
art_94,Explosion of colored dreams — Original UV Painting,"Original psychedelic abstract painting by Aelin AquaSoul · Soul In PsyAbstract. UV-reactive acrylic on canvas — two realities: daylight and UV glow. Approx. 40×50 cm. Unique signed work. Eilat, Israel.",https://soulinpsyabstract.store/store.html#art_94,https://soulinpsyabstract.store/assets/img/94.jpg,in stock,1000.00 USD,Soul In PsyAbstract,new,Arts & Entertainment > Hobbies & Creative Arts > Artwork,Original Art > Painting > Acrylic UV,no,"IL:::0 USD,US:::25.00 USD",US:*:0:y,Canvas · Acrylic · UV paint,40x50cm,original-painting,price-1000usd
candle-60-amethyst-lavender,Candle «Amethyst · Lavender» 60g,"Meditative candle with amethyst crystal. Calms the mind, opens intuition. Ingredients: Wax · amethyst · dried flowers · lavender essential oil. Handmade in Eilat, Israel. UV aesthetic. Ritual quality.",https://soulinpsyabstract.store/store.html,https://soulinpsyabstract.store/assets/img/products/candle_photo_01.jpg,in stock,60 ILS,Soul In PsyAbstract,new,Home & Garden > Decor > Candles & Candleholders > Candles,Candles,no,IL:::0.00 ILS,US:*:0:y,,60g,handmade,candles
candle-60-quartz-rose,Candle «Rose Quartz · Rose» 60g,"Love candle with rose quartz. Attracts tenderness and self-acceptance. Ingredients: Wax · rose quartz · rose petals · rose essential oil. Handmade in Eilat, Israel. UV aesthetic. Ritual quality.",https://soulinpsyabstract.store/store.html,https://soulinpsyabstract.store/assets/img/products/candle_photo_02.jpg,in stock,60 ILS,Soul In PsyAbstract,new,Home & Garden > Decor > Candles & Candleholders > Candles,Candles,no,IL:::0.00 ILS,US:*:0:y,,60g,handmade,candles
candle-150-vanilla-amber,Candle «Vanilla · Amber» 150g,"Warm honey candle for comfort and warmth. Ingredients: Vanilla wax · stones · herbs · oil. Handmade in Eilat, Israel. UV aesthetic. Ritual quality.",https://soulinpsyabstract.store/store.html,https://soulinpsyabstract.store/assets/img/products/candle_photo_08.jpg,in stock,120 ILS,Soul In PsyAbstract,new,Home & Garden > Decor > Candles & Candleholders > Candles,Candles,no,IL:::0.00 ILS,US:*:0:y,,150g,handmade,candles
candle-250-eucalyptus,Candle «Eucalyptus · Mint» 250g,"Cleansing candle for clarity and fresh space. Ingredients: Wax · eucalyptus · thyme · crystals · oils. Handmade in Eilat, Israel. UV aesthetic. Ritual quality.",https://soulinpsyabstract.store/store.html,https://soulinpsyabstract.store/assets/img/products/candle_photo_05.jpg,in stock,200 ILS,Soul In PsyAbstract,new,Home & Garden > Decor > Candles & Candleholders > Candles,Candles,no,IL:::0.00 ILS,US:*:0:y,,250g,handmade,candles
candle-400-ritual,Candle «Ritual · Red» 400g,"Large ritual candle. An artifact for meditation and transformation. Ingredients: Red wax · amethyst · rose quartz · olive leaves · nettle · anise · oils. Handmade in Eilat, Israel. UV aesthetic. Ritual quality.",https://soulinpsyabstract.store/store.html,https://soulinpsyabstract.store/assets/img/products/candle_photo_12.jpg,in stock,300 ILS,Soul In PsyAbstract,new,Home & Garden > Decor > Candles & Candleholders > Candles,Candles,no,IL:::0.00 ILS,US:*:0:y,,400g,handmade,candles
soap-coal,Soap «Charcoal · Detox»,"Detox soap with activated charcoal. Cleanses and mattifies. Ingredients: Activated charcoal · natural base. Handmade in Eilat, Israel. UV aesthetic. Ritual quality.",https://soulinpsyabstract.store/store.html,https://soulinpsyabstract.store/assets/img/products/candle_photo_09.jpg,in stock,80 ILS,Soul In PsyAbstract,new,Health & Beauty > Personal Care > Cosmetics > Skin Care > Body Washes & Soaps,Soap,no,IL:::0.00 ILS,US:*:0:y,,,handmade,soap
soap-milk-honey,Soap «Milk · Honey»,"Gentle nourishing soap. Softens and moisturises skin. Ingredients: Milk · honey · natural base. Handmade in Eilat, Israel. UV aesthetic. Ritual quality.",https://soulinpsyabstract.store/store.html,https://soulinpsyabstract.store/assets/img/products/candle_photo_10.jpg,in stock,80 ILS,Soul In PsyAbstract,new,Health & Beauty > Personal Care > Cosmetics > Skin Care > Body Washes & Soaps,Soap,no,IL:::0.00 ILS,US:*:0:y,,,handmade,soap
set-candle-3,Set «Three Candles in Pouches» 180g,"Gift set — three candles in velvet pouches with UV-varnish tag. Ritual, beauty, scent. Ingredients: 3 candles 60g · velvet pouches · UV-varnish tags. Handmade in Eilat, Israel. UV aesthetic. Ritual quality.",https://soulinpsyabstract.store/store.html,https://soulinpsyabstract.store/assets/img/products/candle_photo_03.jpg,in stock,370 ILS,Soul In PsyAbstract,new,Home & Garden > Decor > Candles & Candleholders,Sets,no,IL:::0.00 ILS,US:*:0:y,,180g,handmade,sets
